Id,True
4073,0
12340,0
8812,0
10939,0
5029,0
6813,0
15305,0
15205,0
2493,0
14746,0
4096,0
10795,0
4754,0
4173,0
16230,0
7191,0
10309,0
869,0
13986,0
9479,0
13002,0
4114,0
7397,0
8276,0
13517,0
15231,0
5121,0
17730,0
1014,0
15183,0
7821,0
1359,0
3533,1
13171,0
13447,0
9162,0
8369,0
1810,0
7118,0
8000,0
5649,0
12071,0
15383,0
2713,0
15418,0
14651,0
777,0
11613,0
2411,0
10845,0
16079,0
17366,0
10788,0
16654,0
9507,0
627,0
2703,0
14818,0
17080,0
12427,0
1443,0
9739,0
16454,0
9029,0
8040,0
2529,0
344,0
15503,0
3684,0
16902,0
7797,0
17794,0
11655,0
11817,0
9,0
4699,0
3666,1
8405,0
4838,0
13864,0
11671,0
4384,0
4153,1
9059,1
14550,0
2399,0
11527,1
6711,0
9764,0
11560,1
12905,0
12541,0
3398,1
7783,0
3654,0
17126,0
8215,0
11225,1
16413,0
12499,0
4366,0
701,0
7937,0
17738,0
3332,0
9187,0
17153,0
2082,0
11157,0
10622,0
7329,0
5967,0
8751,0
11273,0
17770,0
10348,0
6348,0
13162,0
15230,0
13205,0
16995,0
11230,0
12314,0
11923,0
10120,0
11265,1
822,0
4991,0
5837,0
9087,0
2855,0
10933,0
5817,0
1383,0
3023,0
5217,0
17315,0
8484,0
16686,0
14727,0
6495,0
2931,0
6279,0
17421,0
8892,0
6361,0
12411,0
3210,0
12515,0
4609,1
17545,0
8793,0
12488,0
13853,0
10853,0
11884,0
17375,0
3611,1
7651,1
669,0
6234,0
14610,0
12988,0
117,0
8292,0
15873,0
13572,0
12109,0
4365,1
5664,0
6247,0
15221,0
15990,0
10783,0
11578,0
2496,0
8404,0
1457,0
17712,0
11441,0
6622,0
6493,0
5239,0
5893,0
7949,0
10560,0
13360,0
1010,0
12613,0
15775,0
5753,0
17583,0
774,0
6354,0
15508,0
3927,0
15093,0
11066,0
5636,0
7994,0
5234,0
9581,0
15938,0
909,0
3435,0
2518,0
5261,0
5250,0
15339,0
7826,0
10473,0
5700,1
2922,0
1752,0
6618,0
1710,0
5204,0
6379,0
13213,0
7186,0
599,1
15849,0
1789,0
3788,0
4203,0
9646,0
8961,0
5854,1
9934,0
10113,0
1372,0
500,0
7977,0
13260,0
6522,0
1061,0
10710,0
6111,0
9329,0
1792,0
8886,0
14165,0
6999,0
13770,0
3799,1
544,0
6245,0
43,0
16366,0
13820,1
3080,0
4542,0
8927,0
2079,0
10337,0
9067,1
8271,0
7765,0
11085,0
8803,0
5693,0
1354,0
7777,0
4180,0
12572,0
8171,0
17771,0
4877,0
894,0
2987,1
11624,0
2344,0
15322,0
7730,0
2753,0
11969,0
10889,0
5705,1
12652,0
1861,0
6976,0
14372,0
2090,0
3547,1
11293,0
8745,0
17053,0
453,0
13262,0
3740,0
6875,0
4512,0
10143,0
11226,0
1486,0
7122,1
6536,0
9745,0
6028,0
10142,0
15603,0
14830,0
10365,0
9922,0
1679,0
13183,0
3150,1
8563,0
11328,1
8362,0
5257,0
7229,1
6434,0
13245,0
6147,0
59,0
14829,0
6683,0
1108,0
14927,0
16765,0
5802,1
5365,0
16928,0
5114,1
13115,0
2798,1
7774,0
8431,0
7935,0
1093,0
1729,0
4495,0
10147,0
3738,0
13084,0
14825,0
12052,0
13975,0
5880,0
8400,0
13610,0
14384,0
16622,0
12228,0
14880,0
10674,0
8338,0
613,0
10498,0
8065,0
4904,1
4005,0
11519,0
12133,1
6355,0
12614,0
7951,0
1130,0
13356,0
6572,0
9829,0
13586,0
13706,0
5500,0
4818,0
5390,0
9148,0
6526,0
17621,0
15535,0
917,0
6780,0
12658,0
219,0
15787,0
11360,0
17727,0
9908,1
3974,0
4467,1
13147,0
2041,0
15759,0
8315,0
7031,0
4952,0
673,0
6377,0
6984,0
4697,0
5260,0
7263,0
6222,0
17622,0
9902,1
5370,1
8748,0
9984,0
3633,0
4067,0
10705,0
6240,0
5888,0
216,0
7863,1
7288,0
12956,0
11597,0
68,0
12463,0
12261,1
317,0
9266,1
16594,0
12812,1
12414,0
6979,1
9052,0
4626,0
2192,0
2792,0
5109,0
15354,0
12974,0
12548,0
13496,0
1143,0
6421,0
17836,0
3784,1
5138,0
11995,0
3222,0
16715,0
5663,0
11013,0
17475,0
12405,0
399,0
3586,1
8521,0
17002,0
3891,0
7321,0
14099,0
17514,0
10511,0
6433,0
7445,0
4007,0
14259,0
17199,1
8385,0
495,0
558,0
14943,0
14306,0
508,1
17402,0
16039,0
10584,0
17732,0
9836,0
2052,0
6491,0
1521,0
17413,0
9645,0
12864,0
14932,0
4845,0
7061,0
13830,0
16216,0
8359,0
16163,0
13550,0
16520,0
10761,0
10585,0
6015,0
11452,0
2947,0
14331,0
7626,0
1472,1
209,0
1330,0
3517,1
6119,0
3768,0
16,0
2805,0
3098,0
5314,0
11784,0
3030,1
15234,0
7518,0
4084,1
10679,0
13145,0
5315,0
7437,0
3324,1
5160,0
17536,0
8771,0
6822,0
9586,1
16162,0
15904,0
15235,0
13217,0
13574,0
1490,0
1047,0
11104,1
8858,0
14375,0
1585,1
17784,0
12506,0
484,0
1232,0
14613,0
12002,0
12965,0
15963,0
12685,0
14071,0
13982,0
9503,1
3841,1
217,0
9118,0
17272,1
7461,0
3333,0
12118,0
15026,0
10619,0
14194,0
6854,0
12673,0
2317,0
17197,0
145,1
10359,0
9137,0
17579,0
13686,0
5620,0
6975,0
7383,0
10847,0
1863,0
3042,0
5980,0
3441,0
7506,0
3365,0
3720,1
17592,0
13733,0
9257,0
5612,0
165,0
8545,0
2375,0
1174,0
9998,0
16033,0
7703,0
13944,1
12780,1
15369,0
9468,0
5067,0
5834,1
8194,0
8131,0
6265,0
17634,0
11872,0
3939,0
10898,1
6504,0
5874,0
6157,0
9712,0
14876,0
7613,1
16488,0
9655,0
16628,0
260,0
1306,0
1624,0
2370,1
8900,0
1853,0
10445,0
14206,0
1958,0
4291,0
8044,0
10621,0
2784,0
14657,0
11286,1
180,0
12601,0
17527,0
6625,0
10086,0
4402,0
6733,0
15124,0
9091,0
12182,0
8640,0
7738,0
5630,0
2737,0
5785,1
12926,0
6558,0
6908,0
8310,0
17073,0
13442,0
15799,0
9007,0
14125,0
14731,0
7543,1
5738,0
12612,0
9923,0
6258,0
2366,0
3603,0
2026,0
10999,0
15007,0
16373,0
17295,0
17613,0
14164,0
12760,0
3589,0
13348,0
390,1
10904,0
15294,0
1569,0
16211,0
9555,0
6986,0
1773,0
5801,0
4881,0
6831,0
15700,0
3247,0
14719,0
17176,0
8377,0
3801,1
2733,0
8904,0
11454,1
2235,0
14810,0
17074,0
10215,0
11952,0
3192,1
10766,0
1001,0
51,0
12964,0
824,1
1212,0
15042,0
14015,0
16429,0
17267,0
190,0
15345,0
7171,0
12975,0
10880,0
17646,0
15625,0
16899,0
10158,0
15125,0
9952,0
6378,0
15346,0
16860,0
1164,0
17854,0
13775,0
17530,0
6235,0
14305,0
3183,0
10991,0
5718,0
14635,0
3722,0
1301,0
11648,0
16172,0
8849,0
11586,0
1928,0
7567,0
16157,0
12959,0
12734,0
10825,0
16478,0
12818,1
12185,0
16550,0
8906,0
14112,0
16683,0
15250,0
10614,0
5413,0
5290,0
13516,0
11639,0
15926,0
15616,0
16768,0
11118,0
11305,0
15511,0
8705,0
3746,0
11194,0
7233,1
8901,0
8727,0
5641,0
15845,0
8889,0
2926,0
14557,0
13886,0
15412,0
15291,0
5851,0
16682,0
2118,0
582,0
17456,1
952,0
15589,0
9460,0
4632,0
10182,0
12243,0
16764,0
1229,1
8802,0
16801,0
5430,0
15817,0
11108,0
11587,0
11661,0
12106,0
11676,1
5902,0
15720,0
17017,0
103,0
648,1
15405,0
7923,0
3677,0
5005,0
14654,0
15444,0
12345,0
1671,1
14344,0
15924,0
3689,0
8655,0
6855,0
3153,0
13120,0
7546,0
5480,0
17401,0
14772,0
1760,0
15869,0
15199,0
5171,0
3276,0
6473,0
17582,0
13045,0
1711,0
1155,0
8625,0
14911,0
3301,0
14566,0
2766,0
17698,0
4218,1
15427,0
10370,0
12096,0
15227,0
9933,1
15501,0
16587,0
11880,0
3152,0
48,0
704,0
7529,0
9553,1
15598,0
12899,0
3499,0
2178,0
17358,0
8204,1
2498,0
17822,0
14157,0
9390,0
11167,0
6756,0
6203,0
8224,0
7674,0
411,0
6790,0
13370,0
5471,0
12674,0
4277,0
13323,0
4309,0
3068,0
13149,0
2584,0
7628,0
13438,0
6754,0
16887,0
12998,0
14781,0
14328,0
1035,0
17186,0
5806,1
17436,0
10729,0
9273,0
8308,1
15228,0
7358,1
15265,0
16135,0
15314,0
4688,1
11121,0
9354,0
3201,0
137,0
9907,0
14104,0
17344,0
4422,1
3833,1
10042,0
16511,0
12009,0
1552,0
11345,0
14138,0
4956,0
11424,0
7893,0
1318,0
5615,0
10832,0
9203,0
17824,0
16903,0
14043,1
4393,0
11550,0
3816,0
874,0
14608,0
2351,0
9993,0
6877,0
5218,0
3543,0
17440,0
15730,0
7077,0
17187,0
4732,0
7297,0
16139,0
1506,0
7034,0
1202,0
15280,0
6665,0
9346,0
2311,0
10115,0
16494,0
7847,0
1923,0
7692,0
3822,0
8517,1
13102,0
13672,0
4714,0
13144,0
1602,0
15001,0
5681,1
4328,0
3827,0
7778,0
7940,0
12171,0
17416,0
10501,0
2478,0
2472,0
2193,0
835,0
15976,0
13143,0
2923,0
6858,0
8863,0
1783,0
15964,0
8878,0
10030,0
1135,0
14270,0
14161,0
921,0
4017,1
14403,0
6806,0
3002,0
13603,0
3094,0
13650,0
9494,0
16501,0
4227,1
5149,0
17538,0
126,0
9604,0
17154,0
463,1
1633,0
5349,0
1981,0
10434,0
10657,0
2822,0
12028,0
17603,0
11954,0
9332,0
5833,0
7470,0
6983,0
16879,0
5465,1
2902,0
9782,0
13943,0
12273,0
2115,0
13030,0
8815,0
11188,0
10415,0
6766,0
6735,0
17806,0
7639,0
8774,0
12698,0
8893,0
12339,0
3343,1
14051,0
12847,0
1029,0
5145,0
2637,0
5657,0
15510,0
11369,0
16337,0
13019,0
10193,0
2250,0
17565,0
15877,0
3422,1
10582,0
6338,0
8667,0
11674,0
14470,0
8174,0
6833,0
435,0
13321,0
1829,0
3180,0
14644,0
3262,0
8085,0
9110,0
40,0
13487,0
12326,0
6026,0
10601,0
11664,0
12266,0
4815,0
9092,0
4646,0
3483,0
15169,0
9608,0
8783,0
11187,0
4682,0
12437,0
3729,0
4880,0
14196,0
4893,0
13228,0
1570,0
13923,0
6401,0
10153,0
5974,0
15270,0
9865,0
12765,0
13072,0
5954,0
4544,0
2750,0
6239,0
8341,0
3228,0
6546,0
13010,0
3650,1
15898,0
16607,0
4844,0
14977,0
6895,0
16187,0
568,1
9964,0
12736,0
10132,0
13313,0
601,0
15140,0
5993,0
2315,0
5934,0
15047,0
7177,0
2123,0
6690,0
1423,0
122,0
10826,0
1316,0
15733,0
13910,0
10474,0
13953,1
9846,0
13553,0
14490,0
12454,0
17276,0
14389,0
1560,0
13341,0
838,0
9019,0
9539,0
16749,0
16690,0
2887,0
3574,1
7424,0
3136,1
14724,0
5921,0
13969,0
1719,0
5509,0
4027,0
14008,0
12431,0
6681,0
9544,0
17680,0
10114,0
12496,0
5240,0
15838,0
16100,0
16868,0
13891,0
9516,0
7768,0
12692,0
2033,1
3127,1
15752,0
11235,1
16377,0
2176,0
10135,0
15716,0
3773,0
8300,0
934,0
14919,0
9275,0
358,1
1154,0
16637,0
14040,1
5925,0
5064,0
7896,1
8133,0
11012,0
12786,0
4871,0
7728,0
5446,0
2357,0
3988,0
7294,0
9035,0
2096,0
442,0
99,0
10958,0
17147,0
14665,1
4287,0
17883,0
408,0
8182,0
16066,0
16770,0
16658,0
7983,0
5424,0
4224,0
11938,0
11129,0
200,0
4300,0
8839,0
3856,0
10409,0
14082,0
14611,0
5184,0
15362,0
10633,0
3699,0
2727,0
5604,0
12000,0
10816,0
15608,0
15027,0
5249,0
7447,0
16781,0
13801,0
5111,0
11179,1
14080,0
15493,0
6110,0
832,0
4049,0
15576,0
370,0
15902,0
4823,0
4361,0
3802,1
17089,0
12657,0
4804,0
8265,0
11001,0
11038,0
4172,0
16925,1
8797,0
16583,0
9520,0
9038,0
15726,0
3124,0
825,0
7696,0
11632,0
15658,0
10285,0
16824,0
9156,0
13884,0
4788,0
5296,0
1324,0
3028,0
6973,0
2372,0
6020,0
14734,0
5592,0
14928,0
10735,0
1483,1
15380,0
4474,1
14798,0
14599,0
13694,0
4480,0
8120,0
5034,0
12440,0
15540,0
13271,0
421,0
10856,0
16684,0
3147,0
11133,0
3449,0
7214,0
14858,0
4131,0
290,0
3745,0
4715,0
17104,0
7594,1
6553,0
9713,0
1465,0
3826,0
10438,0
15777,0
14179,0
11796,0
496,0
16771,0
14726,0
4264,0
14034,0
8152,1
11768,0
3172,0
691,0
15774,0
4934,0
16037,0
6488,0
622,0
1592,0
12061,0
4944,0
4336,0
15078,0
12307,0
291,0
9172,0
1427,0
16814,0
11974,0
5581,0
16040,0
3514,1
11394,0
8602,0
58,0
16186,0
14870,0
15445,0
8448,0
11646,0
8501,0
12889,0
3668,0
9968,0
8499,0
11191,0
7624,1
6057,0
14824,0
5100,0
17641,0
15491,0
14760,0
12512,0
12902,0
15097,0
6670,0
8403,0
4560,0
6716,0
7877,0
12332,0
8859,0
6673,0
17488,0
13035,0
14074,0
17619,0
14413,0
15419,0
14100,0
7884,0
7220,0
8718,0
11237,1
11181,0
13926,0
6851,0
3675,1
9478,0
2574,0
6225,0
2625,1
6476,0
17328,0
1314,0
3723,0
13673,0
1321,0
8924,0
11899,0
10549,0
5256,0
12388,0
5808,0
10108,0
6688,0
10689,0
15599,0
11263,0
12997,0
511,0
16104,0
16726,0
4775,0
14221,0
1442,1
13624,0
9218,0
8786,0
8185,0
8235,1
127,0
7460,1
8681,0
1997,0
7958,0
14623,0
11101,0
13843,0
15896,0
11797,0
6713,1
3696,0
11928,0
12055,0
17802,0
8097,0
10398,0
9821,0
7997,0
15373,0
639,0
2331,0
10932,0
840,0
5309,0
6812,0
2862,0
3191,1
8159,1
16833,0
2674,0
7021,0
15274,0
8373,0
5142,1
3407,0
7146,0
8214,0
11991,0
13809,0
9250,0
6372,0
5189,0
13497,0
10240,0
6086,0
13409,0
1610,0
10906,0
334,0
8939,0
13357,0
4988,0
9985,0
10010,0
14701,1
12486,0
10057,0
3786,1
13996,0
17345,0
5122,1
10698,1
17595,0
12767,0
17092,0
9723,0
2128,0
15226,0
10194,0
12042,0
16523,0
17077,0
1736,0
17636,0
536,0
9704,0
1528,1
2646,0
10420,0
12026,0
12920,0
805,0
9423,0
14355,0
9944,0
14308,0
10512,0
11031,1
7465,1
866,0
113,0
7259,0
11701,0
11387,0
9021,0
9486,0
17740,0
12811,0
10376,0
3252,0
42,1
14777,0
3895,0
8222,1
8789,0
9688,0
10044,0
7523,1
8942,0
4635,0
13172,0
3636,0
15388,0
9973,0
10327,0
6512,0
15917,0
17081,0
12861,0
3239,0
2383,0
15150,0
1583,0
3727,0
5397,1
8712,0
8408,0
2893,0
2701,0
5683,1
14532,0
6131,0
7128,0
76,0
8953,0
3598,0
231,0
15689,0
2953,0
10232,0
5242,0
11057,0
2316,0
5225,0
4252,0
6036,0
5549,1
7548,0
6746,0
15290,0
8702,0
976,0
8536,0
4202,0
2613,0
16300,0
3909,0
7252,0
1939,0
9023,0
1033,0
16145,0
4696,0
16964,0
15315,0
1353,0
12069,0
5597,0
17574,0
2005,0
13020,0
4302,0
12507,0
7775,0
17249,0
14982,0
12213,0
9611,0
4271,0
11740,0
10003,0
2717,0
9710,0
5752,0
13961,0
14197,0
16631,0
6732,0
3781,0
5689,0
12005,0
9790,0
15628,0
6432,0
5839,0
15888,0
10124,1
8929,0
1683,1
5761,0
14322,0
7852,0
1509,0
4636,0
7032,0
972,0
14091,0
6357,0
13379,0
7861,0
14373,0
6270,0
13390,0
8394,0
10245,0
10334,0
6761,0
14207,0
17251,0
4442,0
2756,0
2208,0
13691,0
4648,0
2875,0
8905,0
5007,0
1068,0
3000,0
10865,0
9370,0
6052,0
2903,0
14684,0
11359,0
13209,0
8770,0
9049,0
12986,0
8208,1
8876,0
857,0
1935,0
9863,0
10663,0
9671,0
5267,0
15764,0
13507,0
15565,0
5591,1
3616,0
14299,0
5506,0
16911,0
4994,0
4289,1
13138,0
17666,0
4898,0
16556,0
9129,0
15875,0
1338,0
3686,0
4856,0
12701,1
17289,0
7273,0
9792,0
11920,0
11737,0
2330,0
11932,0
15831,0
10892,0
17141,0
7722,0
12168,0
12467,0
14406,0
6406,0
17109,0
16178,0
17474,0
8756,0
6082,0
12216,0
8024,0
9102,0
17841,0
17787,0
12839,0
783,0
1661,0
10294,0
13708,0
8606,0
4760,0
14348,0
1368,0
13604,0
4441,0
9192,0
6492,0
15015,0
16950,0
16542,0
14398,1
17408,0
2458,0
12628,0
8519,0
14317,0
5955,0
2992,0
5487,0
3846,0
12694,0
13723,0
15037,0
7524,0
937,0
17338,0
13273,0
8766,0
9433,0
5310,0
5194,0
7756,0
16834,0
12599,0
7452,0
1879,0
6254,0
11062,0
7833,0
14333,0
4526,0
12527,0
1780,0
3708,0
9451,0
5248,0
5973,0
3149,0
12781,0
5080,0
7697,0
10544,0
1811,0
13196,0
8098,0
15936,0
3501,0
5195,0
3776,1
7618,1
16544,0
6951,0
817,0
3922,0
948,0
10020,0
11594,1
14499,0
10041,0
8557,0
3625,0
2724,0
15596,0
6460,0
1627,0
4861,0
4118,0
12353,0
12525,0
7244,0
5516,0
5595,0
1304,0
1632,0
17890,0
6709,0
2470,0
14149,0
1619,1
8432,0
2448,0
12942,0
13385,0
9195,0
16785,0
5813,0
1259,0
10338,0
4791,0
4921,0
13053,1
6674,0
3613,0
13374,0
8459,0
4929,0
9567,1
812,0
2790,0
11546,0
11314,0
15117,0
13644,0
999,0
12747,0
4247,0
8913,0
12944,0
17341,0
17313,0
17409,0
16150,0
13814,0
11718,0
1131,0
7225,1
13682,0
4400,0
3013,0
2569,0
14743,0
4939,0
452,0
10149,0
7957,0
2764,0
7599,0
5726,0
11721,0
5918,0
12197,0
9006,0
9917,0
15699,0
10101,1
8249,0
15018,0
1144,0
14226,0
5238,0
11297,0
3006,0
11890,0
12999,0
7473,0
100,1
9464,0
15610,0
11269,0
11949,0
477,0
14336,0
10854,1
15756,0
9620,0
5192,0
3304,0
16453,0
15947,0
15785,0
17115,0
6925,0
4645,0
1778,0
9259,0
10290,0
12237,0
9873,0
12908,0
543,0
15862,0
340,0
8567,0
8433,0
14549,0
6417,0
9958,0
2636,0
3355,0
8759,0
6728,0
2198,0
14745,0
10686,0
17292,0
14988,0
4510,0
16694,0
10210,0
9307,0
11653,0
16020,0
15400,0
10341,0
14480,0
2785,0
2141,0
9453,0
3168,0
1745,0
17376,0
3716,0
3213,0
166,0
16609,0
7271,0
10416,0
11060,1
6819,0
3402,0
6675,0
4884,0
9400,0
7588,0
13483,0
9696,0
4111,0
10066,0
17598,0
11168,0
1124,0
8885,0
11807,0
610,0
10392,0
605,0
12359,0
13157,0
17557,0
10607,0
749,0
12203,0
1401,0
16258,0
12829,0
7532,1
2962,0
12432,0
7250,0
3809,0
9041,0
16306,0
13098,0
16963,0
14892,0
3831,0
660,0
2382,0
13764,0
10464,0
1415,0
4275,1
2464,0
17148,0
3923,0
90,0
3714,0
6430,0
4435,0
15583,0
8075,0
470,0
5274,0
15624,0
17875,0
11782,0
16044,0
9145,0
7837,0
13931,0
3842,0
7895,0
6368,0
4236,0
10535,0
7069,0
16232,0
13831,0
11563,0
8661,0
4514,1
15748,0
11270,0
8073,0
1638,0
9232,0
7870,0
85,0
6336,0
679,0
1600,0
9155,0
11741,0
13315,0
4570,0
17093,0
3662,1
13635,0
3551,0
9626,1
11822,1
354,0
17068,0
16798,0
2685,0
12072,0
11018,0
13859,0
4217,0
8494,0
10016,0
14944,0
11934,0
10018,0
16748,0
1265,0
17351,0
2878,0
4349,0
6389,0
1182,0
308,0
15698,0
12138,0
17845,0
4139,1
11507,1
7163,0
11530,0
13772,0
6112,0
1988,0
6807,0
11161,0
4500,0
4423,0
12607,0
5245,0
13810,1
4034,0
4712,1
14639,0
4438,0
1126,0
7990,0
5687,1
941,0
7583,0
4147,0
8937,0
2653,0
1044,0
9176,0
3982,0
15135,0
2946,0
9428,0
5117,1
2442,0
14294,0
2018,1
12912,0
7013,0
13990,0
4171,0
15760,0
6205,0
12017,0
695,0
8374,0
16758,0
10895,0
3977,0
5479,0
1598,0
8813,0
10105,0
17554,0
2762,0
13841,0
17449,0
13408,0
3120,1
10298,0
15993,0
2853,0
535,0
5845,0
3207,0
8520,0
9672,0
6380,0
6420,0
17257,0
11332,0
15158,0
2816,0
5814,1
6217,0
6671,0
12229,0
4288,0
4798,1
11486,0
7604,0
798,0
8493,0
1929,0
7440,0
8301,0
13422,0
1665,1
12111,0
12683,0
5508,1
16117,0
14617,0
3315,0
4548,0
5931,0
9925,1
9079,0
6592,0
781,0
17238,0
590,0
14536,0
4434,0
6968,0
4464,1
12898,0
2511,0
2623,0
2681,0
6758,0
12122,0
15103,0
1904,0
7959,0
591,0
4169,0
8991,0
4241,0
7706,0
16252,0
2630,0
5318,0
4654,0
12308,0
15795,0
7240,0
9673,0
14473,0
3257,0
13417,0
4703,0
9533,0
14572,0
4476,1
5773,0
3567,0
14191,0
7359,0
5930,0
15592,0
5062,0
17270,0
16518,0
3935,0
6539,0
1557,0
15043,0
6451,0
16573,0
10385,0
2432,0
17477,0
16267,0
4953,0
2663,0
16603,0
620,0
14255,0
12480,0
5301,0
819,0
8010,0
11982,0
8604,0
12721,0
4347,0
9833,0
9859,0
9098,0
4966,0
7337,0
1392,0
5822,0
6242,0
13376,0
12346,0
56,0
82,0
1797,0
2999,0
3031,0
11531,1
1200,0
13642,0
6972,0
2444,0
17859,0
13114,0
7149,0
3012,0
4376,1
1361,0
3052,0
15238,0
427,0
15323,0
12756,0
11409,0
4928,0
741,0
4387,0
6038,0
7598,0
12008,0
6218,0
12651,0
14302,0
4806,0
6272,0
10281,0
9601,0
3020,0
780,0
16257,0
3309,0
17008,0
9590,0
13508,0
15325,0
5971,0
15533,0
863,0
9096,0
13761,0
14477,0
10943,0
8252,0
7888,0
10683,0
9398,0
13268,0
11877,0
7362,0
0,0
4235,0
14868,0
5357,0
13158,0
15413,0
9936,1
11986,0
13193,0
4583,0
12489,0
11183,0
7590,1
6075,0
9315,0
15521,0
15522,0
6133,0
8925,0
3450,1
14450,0
6152,0
11242,1
8824,0
16467,0
16309,0
2273,0
12646,0
13651,0
6660,1
15635,0
3618,1
5277,0
14863,0
6792,0
10096,1
6008,0
10314,0
13945,0
6937,0
3840,0
3828,1
15711,0
12047,0
14238,0
7841,1
12946,0
13113,0
10311,0
6442,0
1433,0
880,0
379,0
2719,1
6011,0
15632,0
11456,1
626,0
5419,0
237,0
4383,0
3390,0
17311,0
11343,1
8495,0
8869,0
3645,0
7187,0
8218,0
7563,0
9860,1
13782,1
5933,0
11128,0
16073,0
17526,0
13225,0
10173,0
2100,0
16461,0
4426,0
625,0
2129,0
6514,0
4485,0
4508,0
15621,0
645,0
5101,0
4322,0
189,0
3690,0
3811,0
10322,0
7551,0
9909,1
11693,0
10407,0
10071,0
13869,0
3484,0
6117,0
3559,0
346,0
1149,0
10452,0
12145,0
6635,0
12073,0
8826,0
4456,0
15051,0
9876,0
14337,0
9967,0
7431,0
4113,0
324,0
1717,0
12827,0
3376,0
4494,0
12278,0
10833,0
11096,0
15348,0
5938,0
7608,0
3457,0
12442,0
13335,0
10382,0
3824,0
13161,0
4658,0
7480,0
11777,0
12283,0
3601,1
10346,0
6722,0
15673,0
7009,0
13352,0
6587,0
10188,0
15101,0
17335,0
12768,0
17800,0
712,0
119,0
14733,0
16284,0
409,1
4481,0
12855,0
6382,0
2552,0
12582,0
845,0
15595,0
15614,0
5033,1
13277,0
4895,0
10675,0
2647,0
10368,1
8223,0
6702,0
15163,0
9956,0
3112,1
858,0
4538,0
7517,0
13007,0
17544,0
7228,0
1641,0
3040,0
8380,0
15803,0
9439,0
8018,0
5653,0
176,0
4903,0
138,0
11195,0
13607,0
6788,0
12591,0
9915,1
6590,0
9002,0
14244,0
8582,0
12894,0
11402,0
7,0
5911,0
1626,1
15279,0
374,0
14131,0
13431,1
16750,0
17372,0
17195,0
13938,1
16380,0
3418,0
2954,1
9036,0
1378,0
11144,0
16171,0
6513,0
6949,0
11051,0
621,0
14116,0
15264,0
12230,0
9561,0
7507,0
8541,0
1704,0
6093,0
13725,0
16913,0
3440,0
1541,0
12318,0
11959,0
13467,0
3263,0
9279,0
10104,0
11565,0
3868,1
10353,0
2416,0
16311,0
4303,0
8943,0
992,1
11686,0
5004,0
9324,0
7699,0
15988,0
5155,1
9340,0
7603,0
551,0
2214,0
2933,0
17029,0
6814,0
7018,0
6737,0
16249,0
11397,0
5045,1
12129,0
2677,0
8302,0
5342,0
15300,0
9493,0
4174,0
8590,0
12188,0
7911,0
14162,0
5326,0
9215,0
8317,0
16220,0
7246,1
8458,0
5093,0
3037,0
1744,0
11557,1
15091,0
7112,0
9277,0
4176,0
16799,0
3861,0
3434,1
3248,0
5635,0
6578,0
7033,0
2490,0
10977,0
16747,0
5876,0
16829,0
16776,0
17618,0
3834,1
4043,1
13997,0
3732,0
2429,0
3466,0
15365,0
15453,0
5128,0
14078,0
12479,0
14578,0
2736,0
14274,0
2187,0
8677,0
9695,0
2260,1
10548,0
15828,0
2249,0
13136,0
8873,0
12032,0
13043,0
3564,0
7860,0
14716,0
609,0
2576,0
8642,0
9376,0
14748,0
17373,0
5398,0
4233,0
14698,0
15550,0
3504,0
4783,0
13128,0
4478,0
4136,0
13491,0
11583,0
8371,0
529,0
17271,0
13337,0
17365,0
12370,0
8525,0
1311,0
5882,0
6687,0
13868,0
9545,0
5032,0
9541,0
12932,0
3169,0
15461,0
10677,0
7352,0
10830,0
1140,0
4010,0
3508,1
16661,1
898,0
6891,0
5106,0
4670,0
10980,0
1726,0
7296,0
720,0
16017,0
15254,0
10097,0
8556,0
2469,1
13453,0
1596,1
5560,1
1112,0
4564,0
2045,1
12852,0
8468,0
12611,0
5737,1
13181,1
15951,0
9979,0
15271,0
9730,0
15834,0
3361,0
13712,0
14514,0
2986,0
702,0
1479,0
133,0
2604,0
8732,1
11258,0
16444,0
4509,0
4386,1
5473,1
7048,0
3938,0
5179,0
12824,0
12397,0
9160,0
6988,0
12928,0
4090,0
7494,0
15538,0
12691,0
14141,0
1128,0
10793,0
3560,0
6995,0
16131,0
5572,0
15524,0
11196,0
928,0
939,0
14386,0
14133,0
1701,0
4943,0
4734,0
6538,0
5447,0
14990,0
764,0
15464,0
325,0
12782,0
8617,0
14321,0
1664,0
4379,0
3492,0
16720,0
1917,0
7707,1
9355,0
4039,0
7848,0
3725,0
12703,0
5247,0
8328,0
5252,0
11103,0
9236,0
462,0
10909,0
7938,0
2183,0
3381,0
3755,1
670,0
2189,0
1612,1
10693,0
9643,0
12333,0
15554,0
607,0
2658,0
17342,0
7799,0
4015,0
8828,0
8232,0
9481,0
2856,1
17454,0
13792,0
9492,0
7476,0
17306,1
3914,0
8825,0
954,0
17310,0
15824,0
14210,0
7519,0
3082,0
15263,0
10228,0
10103,0
2238,0
4801,1
12443,0
7281,0
10180,0
6910,0
6570,0
998,0
16342,0
6422,0
14685,1
7039,0
14509,0
5588,0
2447,0
1057,0
8711,0
8196,0
7178,0
6894,0
8258,0
2392,0
14319,0
10269,0
5351,0
2111,0
1708,0
11852,0
6106,0
10763,0
14377,0
2938,0
1080,0
13796,0
8565,0
11367,0
5125,0
1524,0
11761,0
17388,0
6297,0
8273,0
11079,0
2598,0
7094,0
14612,0
6581,0
13654,0
14186,0
13204,0
9244,0
5350,0
4834,1
10941,0
12136,0
6557,0
10562,0
4022,0
17685,0
14010,0
2840,0
16577,0
13756,0
3102,0
3297,1
15937,0
8527,0
5449,1
7110,0
15792,0
893,0
17139,0
5646,0
15356,0
11823,0
1440,0
16539,0
13340,0
420,0
17549,0
2030,0
17040,0
17010,0
2643,0
12062,0
7366,0
7002,0
9364,0
5003,1
4671,0
5313,0
11505,0
15585,0
9822,0
979,0
2241,0
3765,0
15128,0
12583,0
8046,1
11209,0
12361,0
12149,0
3832,0
13590,0
16471,0
17248,0
9205,0
17572,0
14469,0
14026,0
2057,1
11931,0
13616,0
14150,0
6927,0
7549,0
16571,0
11962,0
4907,0
12053,0
17144,0
17455,0
12922,0
17496,0
7101,0
9530,0
9335,0
4265,0
15083,0
5731,0
5824,0
115,0
15912,0
17795,0
12943,0
10264,0
3876,0
1091,0
9868,1
13031,0
5632,1
5280,1
7298,0
5395,0
3378,0
6726,0
3553,1
801,0
17400,0
5536,0
4221,0
7100,0
17136,0
16180,0
7326,0
12401,0
13148,0
12193,0
140,0
2168,0
17361,0
10249,0
953,0
5684,1
4075,0
1391,0
3109,1
9404,0
17597,0
12863,0
4133,0
16003,0
15773,0
14842,0
17049,0
14295,0
809,0
8694,0
14975,0
9666,0
9842,0
15793,0
17261,0
2757,0
13678,0
7289,1
491,0
222,0
7285,0
11127,0
4307,0
13006,0
5803,0
10822,1
8698,0
13281,1
11881,0
12485,0
14068,0
9830,0
16602,0
2167,0
16572,0
5875,0
17031,0
9167,0
7670,0
16620,0
10659,0
5958,0
4924,1
17103,0
9843,0
10167,1
12029,0
653,0
2789,1
7557,0
3057,0
5514,0
9677,0
16809,0
6533,0
776,0
17749,0
6463,0
884,0
14360,0
5102,1
10470,0
17330,0
11936,0
13247,0
7655,0
2300,0
13057,0
3821,0
1106,0
1635,0
14158,0
10643,0
17739,0
8059,1
14123,0
537,1
3117,0
16725,0
7864,0
146,1
12989,0
10213,0
15261,0
12735,0
5382,0
15355,0
3481,0
6523,0
5784,1
12231,0
4911,0
13648,0
4628,0
12973,0
8776,0
16293,0
11469,0
13867,0
7261,1
6366,0
8143,0
10175,0
920,0
5777,0
13736,0
278,1
17489,0
9664,0
10936,0
520,1
17865,0
17384,0
11470,0
3571,0
7881,0
15996,0
10358,0
17427,0
16475,0
16112,0
1172,0
15650,0
1032,0
3078,0
8383,0
14942,0
11779,0
6423,0
6454,0
11738,0
1363,0
12475,0
14802,0
8469,0
8735,0
10639,0
13750,0
2181,1
6994,0
3764,1
12452,0
2397,0
4617,0
11025,0
11467,0
83,0
2959,0
15136,0
9658,0
13302,0
9359,0
17133,0
6223,0
13773,0
2479,0
10293,0
3448,0
11736,0
2735,0
8064,0
5362,0
9339,1
9548,0
17300,0
2916,0
13287,0
2608,0
11525,0
4773,0
10162,0
17359,0
10118,0
475,0
13219,0
16536,0
2194,0
2395,0
11223,0
11142,0
5608,0
16955,0
11951,0
2979,0
3084,0
11720,0
10186,0
12049,0
9473,0
13552,1
6743,0
17797,0
6349,0
17694,0
12655,0
10746,0
8641,0
16953,0
17461,0
16689,0
5558,0
12733,0
11080,1
6731,0
6554,0
9596,1
11172,1
11589,1
11169,0
7242,0
11856,0
10404,0
11584,1
10632,0
6480,0
4647,0
16968,0
1876,1
1404,0
8763,0
7539,1
1449,0
4294,0
1945,0
17184,0
13566,0
11398,0
455,1
3317,0
10287,0
2165,0
8002,0
1163,0
11488,0
4640,0
13109,0
8125,1
3913,0
13911,0
8228,0
9594,0
9926,0
3735,0
17163,0
7051,0
3556,0
14312,0
10604,0
15820,0
5720,1
4259,0
6335,0
11068,0
14580,0
2924,0
14518,0
6706,0
9193,1
11125,0
873,0
7415,0
11819,0
9768,0
2075,0
723,1
1274,0
7312,0
1954,0
12041,0
14030,0
14513,0
821,0
14873,0
1462,0
5175,0
4896,0
13919,0
12183,0
7427,0
7003,0
14266,0
17652,0
2268,0
10525,0
17884,0
16665,0
7428,0
5723,0
15701,0
1103,0
14779,0
3089,0
6497,0
5161,0
1549,0
6481,0
1189,0
5210,0
4195,1
17856,0
2944,0
13989,0
16840,0
6641,0
17849,0
12202,0
16959,0
7092,0
10351,0
9890,0
8708,0
15340,0
13343,0
5830,0
2132,0
12238,0
12406,0
17631,0
13270,0
16679,0
16077,0
1629,1
2976,1
6506,0
16552,0
7716,0
2142,0
14314,0
17857,0
6159,0
13849,0
11812,0
1584,0
7453,0
17479,0
9981,1
7974,0
17025,0
17687,0
11997,0
2852,0
15997,0
10988,0
2204,0
14466,0
9391,0
6231,0
13522,0
10942,0
6987,0
17773,0
1282,0
11593,1
14998,0
4603,0
3761,1
3859,1
14775,0
2801,0
310,0
10331,0
15692,0
1529,1
450,0
11090,0
507,0
15462,0
8483,0
15484,0
5760,0
9033,0
8836,0
264,0
14902,0
16272,0
17879,0
8027,0
5577,0
1333,0
5180,0
15848,0
6197,0
6765,0
4035,0
3911,1
10283,0
15161,0
11555,0
403,1
2362,0
4756,0
14346,0
17847,0
5616,0
2027,0
9920,0
5527,0
923,0
6138,0
17614,0
17227,0
7533,0
17684,0
6730,0
5150,1
10237,0
16555,0
17137,0
4504,0
1236,0
13022,0
10458,0
14864,0
4933,0
17716,0
13532,0
3015,0
9463,0
5068,0
5098,0
7926,0
5129,0
12796,0
8290,0
4154,0
14946,0
3374,0
3882,0
3160,0
1328,0
12363,0
15062,0
13892,0
16803,0
10794,0
3921,0
2909,0
3115,1
17354,0
2673,1
4990,0
8948,1
2460,0
4140,1
12758,0
1784,0
6866,0
12632,0
12577,0
4747,0
4427,0
5587,0
15978,0
17161,0
16773,0
12330,0
5505,0
5919,1
15745,0
563,0
9371,0
8962,0
3242,1
10176,0
15985,0
1623,0
1571,1
5295,0
12813,0
14679,0
2234,0
3373,0
6857,0
9150,0
485,1
14311,0
8114,0
11308,0
11498,0
1497,1
8438,1
11760,0
15921,0
12292,0
5396,0
612,0
6950,0
15893,0
7367,0
2283,0
15757,0
15209,0
16685,0
14159,0
10078,1
8288,1
8696,0
14205,0
9448,0
9343,0
16821,0
13297,0
13649,0
15349,0
55,0
6056,0
17657,0
15431,1
9342,0
2722,0
2072,0
12084,0
13093,0
3305,0
12367,0
11149,0
542,0
17590,0
16597,0
17173,0
11617,0
17570,0
1298,0
12849,0
16816,0
11735,0
11567,0
7979,0
2588,0
16825,0
6229,0
16273,0
13108,0
637,0
1980,0
6953,0
5561,1
3320,0
294,0
16857,0
5051,0
3894,0
6742,0
7073,0
17885,0
6214,0
8585,0
14847,0
8664,0
3439,0
16374,0
15842,0
14489,0
6901,0
11687,0
1891,0
87,0
3596,0
14492,0
13791,0
707,0
11192,0
15755,0
1369,1
1210,0
5607,0
9725,0
8366,0
8039,0
710,0
15184,0
13618,0
12712,0
16636,0
7492,0
10797,0
4656,0
7151,0
6841,0
1178,0
3758,0
17106,0
6551,0
4094,0
17042,0
1166,0
7456,0
7103,0
4065,0
1096,0
12316,0
10890,0
12785,0
1469,0
14543,0
4955,0
15960,0
2270,0
15172,0
5538,0
7444,0
7314,1
12082,0
10952,1
3491,1
16984,0
3258,0
15781,0
3906,0
11081,0
10379,0
17584,0
14449,0
10935,1
12014,0
1655,1
13556,0
4325,0
17750,0
3025,0
10005,0
15481,0
14326,0
993,0
12555,0
15190,0
4693,0
2726,0
15884,0
14020,0
16417,0
3384,0
14878,0
5951,0
17760,0
14525,0
16789,0
12754,0
17878,0
848,0
1364,0
10758,0
5751,0
4123,0
11401,0
6073,0
5775,0
467,0
10401,0
254,1
1831,0
14340,0
16425,0
8522,0
5058,1
9246,0
11889,0
3810,0
3762,0
8898,0
15507,0
10839,0
9632,0
8999,0
17862,0
13924,0
15479,0
17895,0
11461,0
15387,0
2086,0
11056,1
6569,0
9123,0
10125,0
12955,0
903,0
14821,0
13937,1
10456,1
12429,0
15045,0
16666,0
1515,0
11866,0
11944,0
16874,0
9450,0
142,0
13626,0
4585,0
6680,0
3059,0
14177,0
15160,0
4081,0
14021,0
15414,0
17346,0
1523,0
3198,0
4371,1
7451,0
12821,0
17230,0
3319,0
15998,0
9081,0
5188,0
3787,0
8919,0
3594,0
12117,0
11378,0
14032,0
13571,0
13197,0
1319,0
4915,0
16560,0
16346,0
4394,0
9754,0
16638,0
17550,0
1220,0
2539,0
1878,0
15218,0
9417,0
14455,0
3221,0
15351,0
5373,0
11344,0
14811,0
1932,0
6849,0
5455,0
14193,0
1120,0
9653,0
10197,0
10581,0
6902,0
12860,0
14446,0
7388,0
4797,0
9422,0
17659,0
4968,1
17058,0
6161,0
7754,0
11100,0
1544,1
8949,0
3100,0
13985,0
17517,0
10032,0
12739,0
16067,0
4161,0
16198,0
11207,1
6431,0
9797,0
419,1
655,0
9260,0
856,0
14545,0
12608,0
14452,1
4152,1
15417,0
11222,0
3472,0
7924,0
14951,0
12833,0
8540,0
1673,0
7773,0
15753,0
12728,0
4858,1
8480,0
4428,0
742,0
15086,0
13543,0
5557,0
15478,0
8588,1
12731,0
11562,0
15751,0
8832,0
17498,0
2043,1
12538,0
12462,0
7369,0
5953,0
14553,0
5859,0
2859,0
9085,0
11684,0
11248,1
10035,0
13784,0
12103,1
11601,0
13259,0
7920,0
17810,0
3880,0
16516,0
16875,0
10618,0
6555,0
1670,0
11298,0
14616,0
8688,0
17713,0
5787,0
171,0
2672,0
1793,0
12627,0
6556,0
10665,0
2174,0
12296,1
3101,0
17528,0
10432,0
3412,0
11905,0
9621,0
196,0
3272,0
9384,0
4020,0
17731,0
7638,0
2037,1
13359,1
4162,0
13900,0
4313,0
7675,1
13870,0
6304,0
7190,1
4368,0
12099,0
2787,0
4565,0
9562,0
16545,0
7581,0
11610,0
13469,0
17837,0
17813,0
17397,0
2990,0
974,0
15919,0
1728,0
13432,0
675,0
4535,0
2898,0
6274,0
7436,0
10894,0
331,0
14465,0
1094,0
7498,1
11316,0
398,0
10569,0
17706,0
929,1
6696,0
4283,0
9551,0
499,0
931,0
5376,0
10252,0
4143,0
2076,0
3568,1
13702,0
14937,0
5493,1
11459,0
10948,1
15386,0
3904,0
2243,0
12895,0
1984,0
3697,0
10928,0
7026,0
7054,0
15545,0
12805,0
10800,0
17670,0
16704,0
4825,0
9317,1
9292,0
7104,0
7582,1
3144,0
14155,0
2718,0
14280,0
13274,0
6771,0
16327,0
10216,0
16247,0
13978,0
14833,0
4931,0
14634,0
15563,0
16111,0
17585,0
9661,0
7534,0
12476,0
13893,0
4231,1
430,0
11867,0
9999,0
5236,0
17280,0
12386,0
2394,0
1579,0
7535,0
7392,0
3791,0
285,0
13067,0
14584,0
12076,0
1986,0
8914,0
5072,0
9891,1
6090,0
17733,0
14457,0
1617,1
14117,0
12225,0
7560,0
13290,0
15000,0
13339,0
9295,0
16558,0
5524,0
16891,0
878,0
10844,0
2648,0
17653,0
2364,0
15570,0
1501,1
13229,0
17556,0
16712,0
961,0
8979,0
3051,0
6810,0
10339,0
4616,0
8443,0
3284,0
3470,0
11902,0
841,0
6187,0
12487,0
17336,0
10325,0
5601,1
4013,0
7234,1
6508,0
12212,0
12807,0
14923,0
7015,0
7438,0
15626,0
14415,1
12648,0
14454,0
5020,1
3359,0
17288,0
8564,0
3985,0
7552,0
5491,0
1574,0
9771,0
2350,0
6981,0
12664,0
17242,0
13178,0
2120,0
17091,0
2291,0
9032,0
15394,0
3066,0
12065,0
5251,0
6961,0
9282,0
16367,0
15245,0
17699,0
15319,0
3644,1
16431,0
16944,0
1534,0
8954,0
7449,0
10608,0
13696,0
14867,0
8658,0
3165,0
10350,1
15725,0
15121,0
410,0
14845,0
9462,0
12549,0
3572,0
13188,0
2952,0
17478,0
3705,0
7757,0
14678,0
2163,0
583,0
4269,0
4051,0
9844,0
7589,1
5569,0
7295,0
11003,0
5221,0
16304,0
9147,0
4070,0
9410,0
12490,0
4334,0
13394,0
10787,0
12840,0
6045,0
3431,0
9045,0
2034,1
6938,0
13024,0
16043,0
3475,1
16093,0
7090,0
7301,0
7632,0
8163,0
17253,0
10829,0
6428,0
13748,0
11724,0
4644,1
5220,1
6170,0
940,0
1179,0
6010,0
9895,0
13537,0
12519,0
5384,0
13531,0
1983,0
17495,0
10976,0
8854,0
6426,0
3185,0
10055,0
1858,0
10328,0
6608,0
8437,0
11228,1
14066,0
3717,0
12460,0
6989,0
3548,0
1581,0
1838,0
8768,0
9927,0
8086,0
2310,0
8068,0
3224,0
11204,1
13498,0
16201,0
10091,1
13111,0
3097,0
7925,0
1894,0
16440,0
1572,0
9703,0
3637,0
13449,0
14994,0
6053,0
16596,0
17756,0
13421,0
988,0
13028,0
6284,0
5576,0
3498,1
6769,0
1707,0
1231,0
7871,0
4466,1
10960,1
10900,0
10471,0
8289,0
1227,0
1302,0
14840,0
588,0
17067,0
8955,1
17786,0
14417,0
10117,0
16343,0
15092,0
11774,0
2412,0
13484,0
13965,1
3405,0
16148,0
1969,0
13977,0
149,0
14945,0
6046,0
14666,0
13182,0
15871,0
9937,1
8127,0
8601,0
13730,0
1766,0
10850,0
1171,0
15428,0
10229,0
1451,0
13594,0
12050,0
11446,0
8579,0
9834,0
17009,0
17891,0
13705,0
2760,0
2081,0
6030,0
7245,0
12453,0
17391,0
8646,0
15657,0
1963,0
10966,0
8699,0
15074,0
7226,0
10600,1
3965,0
4702,1
4692,0
1964,0
14774,0
1133,0
17820,0
1245,0
11342,0
15721,0
12936,0
9383,0
13299,0
8444,0
11599,1
16910,0
6954,0
15736,0
16347,0
2220,0
6445,0
15056,0
10764,0
13822,0
13918,0
3243,1
5771,0
6795,0
136,0
5586,0
8916,0
8350,0
6084,1
3468,0
1173,0
5652,0
1020,0
8007,0
9848,0
10965,0
2716,0
1148,0
2758,1
4310,0
2257,0
5704,0
9635,0
13221,0
7379,0
17245,0
11625,0
16885,0
3566,0
12809,0
830,0
6729,0
14851,0
16640,0
12016,0
11205,0
15783,0
17617,0
5807,1
11604,0
1263,0
9732,0
17751,0
2502,0
12282,0
7846,0
9333,0
15518,0
181,0
8169,0
5183,0
8645,0
16473,0
11366,0
5711,0
15104,0
2566,0
306,0
13165,0
9801,0
16496,0
5816,0
4338,0
15620,0
5223,0
15472,0
3199,1
15895,0
2813,0
5900,0
5084,0
6060,0
8629,0
9905,0
13212,0
6094,0
7595,0
17208,0
12938,0
7188,0
4225,0
6787,0
16534,0
7475,0
17505,0
15995,0
2379,0
9554,0
7300,0
8329,0
16329,0
16863,0
7731,0
8015,0
1998,0
6541,0
12450,0
4077,0
3850,0
8666,0
14418,0
7948,0
745,0
15130,0
6453,0
525,0
16137,0
2690,0
8928,0
15385,0
6517,0
5173,0
14900,0
4390,0
17491,0
6672,0
12675,0
17858,0
13902,0
13081,0
16084,0
17234,0
12408,0
12723,0
11549,0
1480,0
1420,1
8987,0
6341,0
17252,0
16495,0
8966,0
12180,0
5696,0
9634,0
6821,0
7625,0
2389,1
5332,0
17896,0
3777,0
17681,0
8965,0
16074,0
10100,0
5798,0
15214,0
13536,0
4980,1
28,0
17486,0
15642,0
4038,0
16134,0
6042,0
9164,0
9898,1
7748,1
762,0
12120,0
9401,0
5522,0
4183,1
7409,1
5634,0
3707,0
16699,0
2169,0
16599,0
4918,0
9670,0
15712,0
7892,0
1573,0
9852,1
2047,0
46,0
14272,0
4469,0
12630,0
7800,1
17085,0
6081,0
10267,0
5897,0
13350,0
10384,1
6942,0
2212,0
5439,0
12579,0
4340,0
12067,0
17701,0
10539,0
8192,0
8132,1
9170,0
9919,0
8069,1
6575,0
14364,0
11476,1
11213,1
7771,1
15541,0
9497,0
17051,0
17149,0
7257,0
10606,0
6909,0
15690,0
6893,0
7679,0
4589,0
7801,0
14981,0
9684,0
13929,0
11431,0
7510,1
17880,0
17812,0
12070,0
5012,0
16407,0
14029,0
10768,0
14310,0
1430,0
2772,0
9698,0
11509,1
17791,0
172,0
724,0
6411,0
8881,0
15879,0
16465,0
3752,0
8550,0
8537,0
13585,1
1992,0
15555,0
9607,0
9897,0
11162,1
14485,0
7360,0
7418,0
8820,0
6321,0
12048,0
17043,0
11465,0
10355,0
13436,0
14246,0
13253,0
9341,0
15267,0
10406,0
1911,0
15899,0
11628,0
12396,0
8275,0
1320,0
14691,0
9700,0
10130,0
7617,1
7066,0
15105,0
7950,0
4199,1
2593,0
2984,0
10238,0
6399,0
14791,0
13976,0
14706,0
1043,0
17868,0
17722,0
10072,0
12447,1
1877,0
2386,0
3045,0
3268,0
10630,0
1051,0
16181,0
16196,0
11389,0
7403,0
8031,0
16472,0
12294,0
10377,0
10296,1
11033,0
6181,0
14508,0
5885,0
7735,1
1990,0
16362,0
9741,0
3947,0
17523,0
11438,0
10859,1
121,0
6993,0
14638,0
717,0
11918,0
5574,1
6295,0
10662,0
10410,0
10282,0
15823,0
1757,0
8245,0
10373,1
9124,0
1520,1
7795,0
9724,0
16838,0
8781,0
4770,1
12941,0
4623,0
17792,0
1628,0
13804,0
11487,1
15668,0
2971,1
2570,0
13327,0
2133,0
7319,0
6920,0
7222,0
16755,0
7842,0
16439,0
7641,0
13054,0
11709,0
7932,0
116,0
2188,0
11421,1
3154,0
5886,0
14817,0
9714,0
6478,0
7400,0
1637,0
14201,0
3092,0
2028,1
5025,0
14637,0
17165,0
15797,0
6360,0
11014,0
13155,0
5300,0
11158,0
4701,1
8137,0
2152,0
8814,0
5227,0
10026,0
3289,0
11858,0
392,0
2036,1
9918,0
13855,0
3161,0
2158,0
13958,0
3734,0
6190,0
104,0
3157,0
6789,0
1999,0
3854,0
8284,0
6503,0
13152,0
9228,0
9073,0
13753,0
5291,0
9030,0
9636,0
7193,1
316,0
16032,0
6209,0
441,0
1411,0
1138,0
12550,0
6860,0
8023,0
218,0
11340,0
8685,0
13387,0
30,0
11203,1
4932,0
9875,0
13589,1
1406,0
10151,0
5187,0
16818,0
892,0
10973,0
6616,0
4381,0
12265,0
16255,0
5302,0
6250,0
13973,0
14172,0
16325,0
10375,0
259,0
8286,0
2486,0
15116,0
7858,0
667,0
15738,0
3655,0
3162,0
16463,0
16339,0
7168,0
2820,0
5137,1
10110,0
10363,0
2607,0
3944,0
1847,0
12717,0
17764,0
159,0
3793,0
6714,0
16160,0
12831,0
3459,0
14987,0
7272,0
7702,0
323,0
9866,1
16326,0
17122,0
10417,0
1307,0
17079,0
11864,0
16774,0
17229,0
11034,1
5863,0
3627,1
1563,0
8477,0
6825,0
10209,0
12556,0
2180,0
12919,0
4612,1
3534,0
16877,0
2303,1
7327,0
8750,0
2582,0
376,0
6095,0
8644,0
7454,1
8806,0
14069,0
7139,0
8993,0
9986,0
17543,0
13230,0
2358,0
10645,0
7091,0
13646,0
2309,0
13235,0
1887,0
4863,0
14092,0
14624,0
16263,0
8402,0
1377,0
10591,0
11030,0
9252,0
3530,0
13889,0
12823,1
4437,0
10448,0
9931,0
2094,1
6612,0
10157,0
357,0
8349,0
11390,0
12850,0
11410,1
13382,0
4999,0
17788,0
11255,0
8632,0
12663,0
11482,0
11280,1
3620,1
7658,0
12347,0
17158,0
7065,0
6144,0
2277,0
13173,0
1601,1
7566,1
7597,0
10178,0
11422,0
12362,0
10070,0
3357,0
11707,1
16223,0
2401,0
15449,0
1132,0
9770,0
12876,0
15874,0
7794,0
2229,0
15891,0
17534,0
15945,0
1920,0
17656,0
2534,0
5732,0
14250,0
13462,0
1185,0
17308,0
11972,0
4652,0
17171,0
3612,0
8436,0
6647,0
11847,0
5725,1
6502,0
8639,0
4418,0
9706,0
7318,0
15353,0
2060,1
10095,0
8857,0
8417,0
5668,1
2967,0
17059,0
12542,0
12304,0
3312,1
9235,0
13146,0
15836,0
1466,0
10982,0
16733,0
15256,0
9083,0
12246,0
13412,0
1151,0
6645,0
3806,0
12854,0
4577,0
12423,0
3275,0
16050,0
2592,0
7577,0
1779,0
4318,0
3406,0
16717,0
7422,0
12313,0
9744,0
3352,1
210,0
7574,0
9525,0
15643,0
5804,0
13301,0
1078,0
1782,0
9720,0
10707,0
4517,0
9474,0
4976,0
16981,0
2664,1
5203,0
17683,0
15991,0
9272,0
269,0
15425,0
12745,0
1088,0
3669,0
4761,1
11703,0
7138,0
1356,0
8968,0
8445,0
9650,0
9609,0
12834,0
15544,0
10671,0
15269,0
12022,0
14581,0
6791,0
2210,0
1365,0
7389,0
14410,0
1463,0
12584,0
4312,0
15207,0
3421,0
7709,0
15992,0
2649,0
10660,0
1006,0
5057,0
17138,0
14063,0
7704,0
2812,0
17279,0
15006,0
6718,0
17637,0
9748,0
6617,0
10272,0
2823,0
11392,0
5966,0
2957,0
1421,1
10344,0
16966,1
13078,0
199,0
5151,0
16873,0
3106,0
2794,0
8307,0
10303,0
5307,0
10049,0
8796,0
4243,1
150,0
13904,1
17437,0
15954,0
1900,0
16914,0
5475,1
17301,0
96,0
10998,0
4149,0
8548,0
896,0
9758,0
9795,1
7466,1
15064,0
7656,1
14596,1
11780,0
4262,1
1927,0
12276,0
14895,0
1273,0
9077,0
15654,0
1373,0
4554,0
7169,0
13275,0
10062,0
13863,0
3099,0
8555,0
431,0
7306,0
711,0
9721,0
1961,0
7681,1
17644,0
5205,0
348,0
5565,1
15246,0
11232,0
14135,0
15809,0
10765,0
12603,0
15054,0
14587,0
7464,0
12761,0
8056,0
5846,0
1870,0
3354,0
14195,0
758,0
9382,0
15426,0
1021,0
2148,0
9820,0
7075,0
15359,0
369,1
950,0
8393,0
6032,0
15030,0
8505,1
15561,0
13423,1
7005,0
7592,0
12966,0
235,0
9916,0
14929,0
14038,0
10937,0
6315,0
14005,0
4416,0
13038,0
10177,0
8450,0
6830,0
13872,0
7357,0
12817,0
9969,1
8739,0
14147,0
24,0
5023,1
731,1
336,1
3437,0
2890,0
16933,0
5096,0
7622,1
11021,0
8455,0
7349,0
2837,0
14120,0
12201,0
6155,0
1705,0
8162,0
15770,0
201,0
4415,0
8270,0
6613,0
6044,0
16245,0
6051,0
4429,0
13226,1
5944,1
11729,0
7161,0
6836,0
9189,0
16462,0
8616,0
13227,0
8466,0
16096,0
11189,0
7747,0
1881,0
12551,0
11714,0
327,0
5066,0
6916,0
157,0
14292,0
10814,0
14439,0
32,0
13636,0
11652,0
9405,0
4168,0
81,0
6216,0
5496,0
11572,0
7907,0
13415,0
3825,0
12982,0
12963,0
148,0
665,0
8888,0
16197,0
6311,0
9681,0
94,0
4706,0
8319,0
8572,0
5148,1
833,0
1937,0
2858,0
15715,0
1659,0
14630,0
4940,1
15847,0
4684,0
4305,0
13785,0
6184,0
10421,0
3899,1
3678,0
10342,0
1743,0
11373,0
14006,0
5670,0
6288,0
3107,0
11518,0
11109,0
10436,0
13690,0
4125,0
13457,0
9348,0
14400,0
12580,0
6047,0
16340,0
12573,0
4293,0
10330,0
15965,0
1478,0
7106,1
16585,0
6762,0
193,0
4239,0
16861,0
1930,0
13662,0
10658,0
15120,0
12536,0
13528,0
5736,1
6559,0
17196,0
15422,0
3688,0
12794,0
4998,0
17188,0
4104,0
8866,0
16209,0
11801,0
8985,0
38,0
9446,0
3737,0
6692,0
5515,0
17434,0
13377,0
2035,1
908,0
16399,0
3702,1
13265,0
2301,0
10279,0
15446,0
11241,1
8388,0
901,0
10507,0
15366,0
6458,0
10551,0
9750,0
11910,0
1184,0
10699,0
8296,0
17793,0
3413,0
1692,0
10433,0
10972,0
16381,0
3479,0
8034,0
406,0
3651,1
7630,0
12960,0
15707,0
10712,0
12843,0
9992,0
11493,1
8691,0
8619,0
7490,0
10711,0
13695,0
2055,0
7660,1
9415,0
4193,0
633,0
4742,0
2368,0
2519,0
15236,0
15724,0
8267,0
16164,0
17718,0
10154,0
8028,0
2378,0
7241,0
17735,0
1614,0
6747,0
15034,0
3693,0
13233,0
15178,0
192,0
3632,0
1390,0
17052,0
10225,0
9995,0
4587,1
17872,0
6982,0
6150,1
9084,0
16876,0
6626,0
14264,0
2435,0
15743,0
9617,0
5639,0
608,0
10786,0
213,0
2833,0
343,0
10260,0
5647,1
9435,0
10345,0
3299,0
11198,1
5177,0
6249,1
11217,1
1922,0
5073,0
7683,0
708,1
919,0
11177,0
1758,0
12281,0
8490,0
2391,1
8457,0
16698,0
6547,0
5433,0
11029,0
5409,0
2961,1
647,0
12252,0
573,0
8816,0
16254,0
16233,0
13715,0
3007,0
7676,0
2244,0
3606,0
3462,0
3119,1
8997,0
2410,0
8427,0
4380,0
15841,0
14862,0
1113,0
14151,1
3535,0
15517,0
15063,0
10230,1
6699,0
2253,0
9249,0
13334,0
13308,0
8463,0
11815,0
7927,0
11909,0
12239,0
16389,0
15735,0
5716,1
13627,0
3969,0
16886,0
16305,0
12306,0
15020,0
8798,0
12194,0
12327,0
17516,0
9461,0
5130,0
826,0
10595,1
7126,1
255,0
17769,0
16810,0
11111,0
11524,0
8314,0
7910,0
5842,1
5526,0
14803,0
6643,0
11197,1
10299,0
16721,0
13041,0
4405,0
2156,0
10571,0
9971,0
16996,0
1915,0
